{
  "current": {
    "threshold": 0.45,
    "avg_ce_top_n": 30.0,
    "hard_rate": 0.40476190476190477,
    "ndcg@10": 0.20768341712158764,
    "mrr@10": 0.21712962962962962,
    "recall@10": 0.2619047619047619,
    "latency_ms_avg": 107.16448209478543,
    "latency_ms_p95": 245.56675085113966,
    "selected_mode_counts": {
      "ltr": 23,
      "cross_encoder": 14,
      "baseline": 5
    }
  },
  "candidate_threshold_0.6062_ce20": {
    "threshold": 0.6062136198338143,
    "avg_ce_top_n": 20.0,
    "hard_rate": 0.30952380952380953,
    "ndcg@10": 0.20768341712158764,
    "mrr@10": 0.21712962962962962,
    "recall@10": 0.2619047619047619,
    "latency_ms_avg": 68.36935907042408,
    "latency_ms_p95": 156.76903393468817,
    "selected_mode_counts": {
      "ltr": 23,
      "cross_encoder": 10,
      "baseline": 9
    }
  }
}
